id;nome;cpf;a;b;;
1;usuario 1;710.589.218-17;710589218;17;;710.589.218
2;usuario 2;400.021.126-11;400021126;11;;
3;usuario 3;873.173.683-19;873173683;19;;
4;usuario 4;888.904.907-14;888904907;14;;
5;usuario 5;919.720.509-13;919720509;13;;
6;usuario 6;994.742.094-16;994742094;16;;
7;usuario 7;918.950.051-16;918950051;16;;
8;usuario 8;513.662.967-10;513662967;10;;
9;usuario 9;220.430.253-13;220430253;13;;
10;usuario 10;853.099.244-16;853099244;16;;
11;usuario 11;303.848.786-12;303848786;12;;
12;usuario 12;756.659.619-17;756659619;17;;
13;usuario 13;965.166.812-10;965166812;10;;
14;usuario 14;377.698.752-11;377698752;11;;
15;usuario 15;768.774.679-10;768774679;10;;
16;usuario 16;600.769.649-10;600769649;10;;
17;usuario 17;265.356.343-14;265356343;14;;
18;usuario 18;767.923.564-15;767923564;15;;
19;usuario 19;419.350.261-15;419350261;15;;
20;usuario 20;866.851.993-17;866851993;17;;
21;usuario 21;557.664.471-16;557664471;16;;
22;usuario 22;121.481.415-10;121481415;10;;
23;usuario 23;959.261.633-17;959261633;17;;
24;usuario 24;933.447.548-16;933447548;16;;
25;usuario 25;261.945.416-19;261945416;19;;
26;usuario 26;297.431.494-13;297431494;13;;
27;usuario 27;891.550.572-10;891550572;10;;
28;usuario 28;597.056.161-13;597056161;13;;
29;usuario 29;946.837.707-16;946837707;16;;
30;usuario 30;424.136.034-18;424136034;18;;
31;usuario 31;395.460.437-11;395460437;11;;
32;usuario 32;597.509.213-16;597509213;16;;
33;usuario 33;299.017.281-13;299017281;13;;
34;usuario 34;238.397.887-18;238397887;18;;
35;usuario 35;220.490.500-10;220490500;10;;
36;usuario 36;588.836.435-17;588836435;17;;
37;usuario 37;142.781.095-19;142781095;19;;
38;usuario 38;724.380.714-10;724380714;10;;
39;usuario 39;893.512.839-12;893512839;12;;
40;usuario 40;326.223.933-16;326223933;16;;
41;usuario 41;786.641.107-16;786641107;16;;
42;usuario 42;215.221.717-18;215221717;18;;
43;usuario 43;422.317.408-16;422317408;16;;
44;usuario 44;420.507.653-12;420507653;12;;
45;usuario 45;301.626.483-19;301626483;19;;
46;usuario 46;184.850.092-19;184850092;19;;
47;usuario 47;348.730.023-17;348730023;17;;
48;usuario 48;439.777.643-13;439777643;13;;
49;usuario 49;934.722.326-12;934722326;12;;
50;usuario 50;974.887.198-12;974887198;12;;
51;usuario 51;293.496.323-18;293496323;18;;
52;usuario 52;439.517.146-10;439517146;10;;
53;usuario 53;258.952.998-19;258952998;19;;
54;usuario 54;130.212.082-12;130212082;12;;
55;usuario 55;257.364.507-19;257364507;19;;
56;usuario 56;647.179.233-12;647179233;12;;
57;usuario 57;274.404.160-18;274404160;18;;
58;usuario 58;492.079.035-15;492079035;15;;
59;usuario 59;740.341.611-16;740341611;16;;
60;usuario 60;847.740.322-12;847740322;12;;
61;usuario 61;946.040.624-19;946040624;19;;
62;usuario 62;767.152.821-10;767152821;10;;
63;usuario 63;920.869.419-10;920869419;10;;
64;usuario 64;303.480.737-18;303480737;18;;
65;usuario 65;212.861.873-11;212861873;11;;
66;usuario 66;201.845.310-11;201845310;11;;
67;usuario 67;222.542.947-16;222542947;16;;
68;usuario 68;466.998.539-18;466998539;18;;
69;usuario 69;729.206.803-10;729206803;10;;
70;usuario 70;959.312.507-12;959312507;12;;
71;usuario 71;611.787.290-17;611787290;17;;
72;usuario 72;175.810.004-14;175810004;14;;
73;usuario 73;784.450.037-18;784450037;18;;
74;usuario 74;417.514.756-13;417514756;13;;
75;usuario 75;532.753.585-14;532753585;14;;
76;usuario 76;495.292.212-17;495292212;17;;
77;usuario 77;141.491.893-10;141491893;10;;
78;usuario 78;727.845.631-11;727845631;11;;
79;usuario 79;166.314.568-13;166314568;13;;
80;usuario 80;695.296.316-15;695296316;15;;
81;usuario 81;146.898.611-12;146898611;12;;
82;usuario 82;542.579.929-16;542579929;16;;
83;usuario 83;850.303.613-18;850303613;18;;
84;usuario 84;848.414.544-12;848414544;12;;
85;usuario 85;488.514.926-14;488514926;14;;
86;usuario 86;786.328.311-10;786328311;10;;
87;usuario 87;309.886.082-15;309886082;15;;
88;usuario 88;700.925.024-17;700925024;17;;
89;usuario 89;182.123.845-14;182123845;14;;
90;usuario 90;656.560.676-19;656560676;19;;
91;usuario 91;623.944.162-19;623944162;19;;
92;usuario 92;126.366.769-10;126366769;10;;
93;usuario 93;321.212.264-15;321212264;15;;
94;usuario 94;978.508.333-10;978508333;10;;
95;usuario 95;886.520.743-13;886520743;13;;
96;usuario 96;650.542.741-17;650542741;17;;
97;usuario 97;861.127.832-18;861127832;18;;
98;usuario 98;302.664.147-14;302664147;14;;
99;usuario 99;972.860.269-19;972860269;19;;
100;usuario 100;176.108.110-15;176108110;15;;
101;usuario 101;741.922.216-19;741922216;19;;
102;usuario 102;550.508.628-16;550508628;16;;
103;usuario 103;441.173.223-18;441173223;18;;
104;usuario 104;406.908.102-12;406908102;12;;
105;usuario 105;581.672.088-14;581672088;14;;
106;usuario 106;870.883.505-17;870883505;17;;
107;usuario 107;660.049.414-19;660049414;19;;
108;usuario 108;244.590.506-11;244590506;11;;
109;usuario 109;504.835.415-16;504835415;16;;
110;usuario 110;240.686.385-10;240686385;10;;
111;usuario 111;658.230.221-15;658230221;15;;
112;usuario 112;870.514.240-14;870514240;14;;
113;usuario 113;266.876.937-12;266876937;12;;
114;usuario 114;903.747.008-19;903747008;19;;
115;usuario 115;511.928.733-12;511928733;12;;
116;usuario 116;317.265.382-16;317265382;16;;
117;usuario 117;844.205.954-11;844205954;11;;
118;usuario 118;535.460.026-12;535460026;12;;
119;usuario 119;546.775.804-12;546775804;12;;
120;usuario 120;626.207.042-18;626207042;18;;
121;usuario 121;595.265.227-12;595265227;12;;
122;usuario 122;996.791.989-16;996791989;16;;
123;usuario 123;634.371.652-19;634371652;19;;
124;usuario 124;925.897.637-15;925897637;15;;
125;usuario 125;983.572.373-10;983572373;10;;
126;usuario 126;142.775.908-15;142775908;15;;
127;usuario 127;963.068.086-11;963068086;11;;
128;usuario 128;241.768.214-15;241768214;15;;
129;usuario 129;425.171.935-10;425171935;10;;
130;usuario 130;120.602.689-13;120602689;13;;
131;usuario 131;380.557.419-13;380557419;13;;
132;usuario 132;990.050.554-17;990050554;17;;
133;usuario 133;941.929.215-16;941929215;16;;
134;usuario 134;965.702.087-14;965702087;14;;
135;usuario 135;458.510.031-13;458510031;13;;
136;usuario 136;536.054.757-19;536054757;19;;
137;usuario 137;530.103.440-14;530103440;14;;
138;usuario 138;927.132.473-12;927132473;12;;
139;usuario 139;213.337.498-19;213337498;19;;
140;usuario 140;748.787.929-10;748787929;10;;
141;usuario 141;567.924.520-13;567924520;13;;
142;usuario 142;431.321.860-16;431321860;16;;
143;usuario 143;191.896.902-12;191896902;12;;
144;usuario 144;977.686.452-16;977686452;16;;
145;usuario 145;410.023.571-10;410023571;10;;
146;usuario 146;292.753.767-17;292753767;17;;
147;usuario 147;426.099.329-18;426099329;18;;
148;usuario 148;873.498.427-10;873498427;10;;
149;usuario 149;222.387.935-16;222387935;16;;
150;usuario 150;790.520.617-15;790520617;15;;
151;usuario 151;732.683.490-10;732683490;10;;
152;usuario 152;285.501.454-13;285501454;13;;
153;usuario 153;558.016.567-18;558016567;18;;
154;usuario 154;835.631.904-11;835631904;11;;
155;usuario 155;912.548.994-18;912548994;18;;
156;usuario 156;310.472.450-10;310472450;10;;
157;usuario 157;933.950.058-17;933950058;17;;
158;usuario 158;692.187.541-14;692187541;14;;
159;usuario 159;741.392.290-12;741392290;12;;
160;usuario 160;813.457.582-11;813457582;11;;
161;usuario 161;799.152.981-18;799152981;18;;
162;usuario 162;636.777.883-12;636777883;12;;
163;usuario 163;234.107.054-11;234107054;11;;
164;usuario 164;488.820.169-10;488820169;10;;
165;usuario 165;875.314.626-13;875314626;13;;
166;usuario 166;981.929.629-14;981929629;14;;
167;usuario 167;514.561.327-17;514561327;17;;
168;usuario 168;682.208.578-12;682208578;12;;
169;usuario 169;945.700.744-10;945700744;10;;
170;usuario 170;909.520.825-19;909520825;19;;
171;usuario 171;616.278.166-18;616278166;18;;
172;usuario 172;710.727.596-10;710727596;10;;
173;usuario 173;763.045.658-18;763045658;18;;
174;usuario 174;970.392.781-10;970392781;10;;
175;usuario 175;995.266.959-18;995266959;18;;
176;usuario 176;148.780.106-19;148780106;19;;
177;usuario 177;403.974.622-11;403974622;11;;
178;usuario 178;146.171.595-13;146171595;13;;
179;usuario 179;282.597.508-18;282597508;18;;
180;usuario 180;353.893.193-18;353893193;18;;
181;usuario 181;209.601.733-16;209601733;16;;
182;usuario 182;268.981.838-16;268981838;16;;
183;usuario 183;337.551.555-14;337551555;14;;
184;usuario 184;482.745.923-16;482745923;16;;
185;usuario 185;841.869.015-15;841869015;15;;
186;usuario 186;791.628.810-17;791628810;17;;
187;usuario 187;499.410.437-19;499410437;19;;
188;usuario 188;244.818.951-10;244818951;10;;
189;usuario 189;489.544.904-14;489544904;14;;
190;usuario 190;617.107.467-12;617107467;12;;
191;usuario 191;867.168.521-18;867168521;18;;
192;usuario 192;932.396.669-10;932396669;10;;
193;usuario 193;350.200.725-12;350200725;12;;
194;usuario 194;964.721.835-18;964721835;18;;
195;usuario 195;941.662.058-18;941662058;18;;
196;usuario 196;753.523.806-14;753523806;14;;
197;usuario 197;362.861.992-17;362861992;17;;
198;usuario 198;381.249.570-10;381249570;10;;
199;usuario 199;765.617.413-17;765617413;17;;
200;usuario 200;875.561.221-13;875561221;13;;
201;usuario 201;432.078.524-16;432078524;16;;
202;usuario 202;299.381.777-11;299381777;11;;
203;usuario 203;949.992.017-17;949992017;17;;
204;usuario 204;638.057.696-10;638057696;10;;
205;usuario 205;778.670.414-19;778670414;19;;
206;usuario 206;275.782.917-19;275782917;19;;
207;usuario 207;862.277.557-16;862277557;16;;
208;usuario 208;779.265.772-18;779265772;18;;
209;usuario 209;881.614.016-19;881614016;19;;
210;usuario 210;187.708.286-10;187708286;10;;
211;usuario 211;844.960.388-14;844960388;14;;
212;usuario 212;491.925.437-12;491925437;12;;
213;usuario 213;939.751.906-10;939751906;10;;
214;usuario 214;481.759.249-14;481759249;14;;
215;usuario 215;787.887.833-15;787887833;15;;
216;usuario 216;150.063.276-12;150063276;12;;
217;usuario 217;632.841.965-14;632841965;14;;
218;usuario 218;328.166.680-16;328166680;16;;
219;usuario 219;788.078.474-10;788078474;10;;
220;usuario 220;362.586.262-19;362586262;19;;
221;usuario 221;227.602.240-16;227602240;16;;
222;usuario 222;382.618.428-13;382618428;13;;
223;usuario 223;970.465.200-16;970465200;16;;
224;usuario 224;706.210.792-18;706210792;18;;
225;usuario 225;593.217.409-18;593217409;18;;
226;usuario 226;621.166.131-11;621166131;11;;
227;usuario 227;875.324.125-18;875324125;18;;
228;usuario 228;359.429.783-15;359429783;15;;
229;usuario 229;351.596.037-15;351596037;15;;
230;usuario 230;149.646.804-16;149646804;16;;
231;usuario 231;998.367.750-18;998367750;18;;
232;usuario 232;201.430.069-17;201430069;17;;
233;usuario 233;539.947.849-11;539947849;11;;
234;usuario 234;195.183.734-13;195183734;13;;
235;usuario 235;953.599.444-13;953599444;13;;
236;usuario 236;337.932.487-13;337932487;13;;
237;usuario 237;885.874.640-18;885874640;18;;
238;usuario 238;552.975.679-18;552975679;18;;
239;usuario 239;943.618.068-11;943618068;11;;
240;usuario 240;426.303.301-19;426303301;19;;
241;usuario 241;851.180.470-13;851180470;13;;
242;usuario 242;591.951.849-16;591951849;16;;
243;usuario 243;999.982.523-18;999982523;18;;
244;usuario 244;719.745.911-10;719745911;10;;
245;usuario 245;846.501.584-16;846501584;16;;
246;usuario 246;958.731.164-17;958731164;17;;
247;usuario 247;954.789.363-11;954789363;11;;
248;usuario 248;681.196.916-14;681196916;14;;
249;usuario 249;264.873.866-11;264873866;11;;
250;usuario 250;140.324.424-10;140324424;10;;
251;usuario 251;780.007.082-10;780007082;10;;
252;usuario 252;158.175.825-14;158175825;14;;
253;usuario 253;742.467.219-12;742467219;12;;
254;usuario 254;940.752.693-10;940752693;10;;
255;usuario 255;715.898.909-18;715898909;18;;
256;usuario 256;515.378.684-12;515378684;12;;
257;usuario 257;248.173.608-17;248173608;17;;
258;usuario 258;238.993.840-14;238993840;14;;
259;usuario 259;195.995.673-18;195995673;18;;
260;usuario 260;859.349.899-11;859349899;11;;
261;usuario 261;195.480.169-15;195480169;15;;
262;usuario 262;372.402.073-12;372402073;12;;
263;usuario 263;981.427.813-12;981427813;12;;
264;usuario 264;503.417.184-17;503417184;17;;
265;usuario 265;902.103.720-19;902103720;19;;
266;usuario 266;666.290.115-13;666290115;13;;
267;usuario 267;787.504.199-10;787504199;10;;
268;usuario 268;797.803.811-18;797803811;18;;
269;usuario 269;955.665.892-10;955665892;10;;
270;usuario 270;458.169.233-18;458169233;18;;
271;usuario 271;825.481.143-15;825481143;15;;
272;usuario 272;803.295.881-11;803295881;11;;
273;usuario 273;909.973.430-17;909973430;17;;
274;usuario 274;247.163.056-12;247163056;12;;
275;usuario 275;993.682.085-16;993682085;16;;
276;usuario 276;945.523.189-11;945523189;11;;
277;usuario 277;873.650.340-13;873650340;13;;
278;usuario 278;868.702.587-12;868702587;12;;
279;usuario 279;392.198.249-17;392198249;17;;
280;usuario 280;230.641.016-13;230641016;13;;
281;usuario 281;374.577.605-15;374577605;15;;
282;usuario 282;163.922.492-13;163922492;13;;
283;usuario 283;601.685.773-11;601685773;11;;
284;usuario 284;211.165.446-10;211165446;10;;
285;usuario 285;825.709.855-19;825709855;19;;
286;usuario 286;842.524.444-11;842524444;11;;
287;usuario 287;367.917.644-14;367917644;14;;
288;usuario 288;844.481.924-13;844481924;13;;
289;usuario 289;211.428.351-11;211428351;11;;
290;usuario 290;399.017.020-15;399017020;15;;
291;usuario 291;779.950.088-11;779950088;11;;
292;usuario 292;156.941.598-17;156941598;17;;
293;usuario 293;271.479.830-19;271479830;19;;
294;usuario 294;708.323.583-12;708323583;12;;
295;usuario 295;341.101.294-10;341101294;10;;
296;usuario 296;347.307.987-17;347307987;17;;
297;usuario 297;357.664.755-18;357664755;18;;
298;usuario 298;916.054.781-11;916054781;11;;
299;usuario 299;356.043.808-14;356043808;14;;
300;usuario 300;589.986.114-15;589986114;15;;
301;usuario 301;198.612.987-19;198612987;19;;
302;usuario 302;665.924.711-17;665924711;17;;
303;usuario 303;530.587.804-19;530587804;19;;
304;usuario 304;857.600.364-11;857600364;11;;
305;usuario 305;583.988.190-19;583988190;19;;
306;usuario 306;740.561.162-13;740561162;13;;
307;usuario 307;513.257.457-15;513257457;15;;
308;usuario 308;265.791.449-17;265791449;17;;
309;usuario 309;882.778.478-11;882778478;11;;
310;usuario 310;118.500.096-16;118500096;16;;
311;usuario 311;411.333.426-16;411333426;16;;
312;usuario 312;366.834.827-17;366834827;17;;
313;usuario 313;628.590.064-17;628590064;17;;
314;usuario 314;206.115.503-18;206115503;18;;
315;usuario 315;602.187.191-16;602187191;16;;
316;usuario 316;246.832.646-19;246832646;19;;
317;usuario 317;375.707.703-12;375707703;12;;
318;usuario 318;145.104.984-18;145104984;18;;
319;usuario 319;401.164.525-17;401164525;17;;
320;usuario 320;240.843.531-10;240843531;10;;
321;usuario 321;683.657.150-19;683657150;19;;
322;usuario 322;697.248.545-11;697248545;11;;
323;usuario 323;701.410.994-11;701410994;11;;
324;usuario 324;518.942.558-12;518942558;12;;
325;usuario 325;880.119.043-12;880119043;12;;
326;usuario 326;213.778.448-12;213778448;12;;
327;usuario 327;782.702.468-18;782702468;18;;
328;usuario 328;755.965.339-16;755965339;16;;
329;usuario 329;975.489.467-19;975489467;19;;
330;usuario 330;822.787.528-10;822787528;10;;
331;usuario 331;394.602.467-13;394602467;13;;
332;usuario 332;372.478.984-18;372478984;18;;
333;usuario 333;713.836.308-12;713836308;12;;
334;usuario 334;541.722.740-10;541722740;10;;
335;usuario 335;213.035.549-10;213035549;10;;
336;usuario 336;572.378.581-17;572378581;17;;
337;usuario 337;847.678.791-19;847678791;19;;
338;usuario 338;712.467.407-10;712467407;10;;
339;usuario 339;126.197.621-17;126197621;17;;
340;usuario 340;308.117.584-19;308117584;19;;
341;usuario 341;819.351.789-11;819351789;11;;
342;usuario 342;325.657.022-18;325657022;18;;
343;usuario 343;716.716.586-11;716716586;11;;
344;usuario 344;347.948.648-10;347948648;10;;
345;usuario 345;706.145.112-16;706145112;16;;
346;usuario 346;572.063.347-10;572063347;10;;
347;usuario 347;966.791.154-11;966791154;11;;
348;usuario 348;315.046.659-12;315046659;12;;
349;usuario 349;564.138.411-13;564138411;13;;
350;usuario 350;231.305.131-19;231305131;19;;
351;usuario 351;705.466.983-18;705466983;18;;
352;usuario 352;619.558.969-16;619558969;16;;
353;usuario 353;261.225.715-13;261225715;13;;
354;usuario 354;855.876.754-18;855876754;18;;
355;usuario 355;553.931.006-11;553931006;11;;
356;usuario 356;762.754.400-15;762754400;15;;
357;usuario 357;953.317.045-16;953317045;16;;
358;usuario 358;117.690.166-13;117690166;13;;
359;usuario 359;401.609.008-17;401609008;17;;
360;usuario 360;866.379.596-17;866379596;17;;
361;usuario 361;645.561.923-14;645561923;14;;
362;usuario 362;243.969.909-14;243969909;14;;
363;usuario 363;767.512.292-19;767512292;19;;
364;usuario 364;216.599.691-13;216599691;13;;
365;usuario 365;312.325.877-13;312325877;13;;
366;usuario 366;985.098.306-12;985098306;12;;
367;usuario 367;648.036.723-12;648036723;12;;
368;usuario 368;212.674.140-18;212674140;18;;
369;usuario 369;230.829.453-17;230829453;17;;
370;usuario 370;606.890.678-12;606890678;12;;
371;usuario 371;728.903.893-17;728903893;17;;
372;usuario 372;793.617.797-12;793617797;12;;
373;usuario 373;186.272.833-15;186272833;15;;
374;usuario 374;857.321.957-17;857321957;17;;
375;usuario 375;536.817.418-12;536817418;12;;
376;usuario 376;696.670.985-11;696670985;11;;
377;usuario 377;960.724.915-12;960724915;12;;
378;usuario 378;260.614.483-13;260614483;13;;
379;usuario 379;974.643.647-10;974643647;10;;
380;usuario 380;838.907.980-10;838907980;10;;
381;usuario 381;251.285.173-10;251285173;10;;
382;usuario 382;836.258.156-17;836258156;17;;
383;usuario 383;159.258.568-18;159258568;18;;
384;usuario 384;789.646.752-16;789646752;16;;
385;usuario 385;440.959.421-17;440959421;17;;
386;usuario 386;624.508.078-11;624508078;11;;
387;usuario 387;302.815.837-16;302815837;16;;
388;usuario 388;485.898.427-18;485898427;18;;
389;usuario 389;896.609.141-11;896609141;11;;
390;usuario 390;303.940.664-18;303940664;18;;
391;usuario 391;894.930.307-11;894930307;11;;
392;usuario 392;294.263.778-16;294263778;16;;
393;usuario 393;242.346.494-13;242346494;13;;
394;usuario 394;281.082.712-17;281082712;17;;
395;usuario 395;753.024.967-13;753024967;13;;
396;usuario 396;286.342.631-14;286342631;14;;
397;usuario 397;313.508.499-12;313508499;12;;
398;usuario 398;697.525.073-13;697525073;13;;
399;usuario 399;525.698.861-15;525698861;15;;
400;usuario 400;340.262.114-13;340262114;13;;
401;usuario 401;176.709.203-11;176709203;11;;
402;usuario 402;278.942.451-15;278942451;15;;
403;usuario 403;227.149.890-14;227149890;14;;
404;usuario 404;467.503.457-14;467503457;14;;
405;usuario 405;830.323.254-12;830323254;12;;
406;usuario 406;951.104.593-11;951104593;11;;
407;usuario 407;658.351.601-11;658351601;11;;
408;usuario 408;162.331.021-12;162331021;12;;
409;usuario 409;145.165.820-10;145165820;10;;
410;usuario 410;855.943.240-19;855943240;19;;
411;usuario 411;733.842.845-10;733842845;10;;
412;usuario 412;673.713.313-14;673713313;14;;
413;usuario 413;242.636.523-16;242636523;16;;
414;usuario 414;411.175.139-13;411175139;13;;
415;usuario 415;459.061.395-10;459061395;10;;
416;usuario 416;615.666.331-15;615666331;15;;
417;usuario 417;985.692.410-16;985692410;16;;
418;usuario 418;623.356.083-13;623356083;13;;
419;usuario 419;644.840.854-15;644840854;15;;
420;usuario 420;746.530.528-10;746530528;10;;
421;usuario 421;311.415.307-13;311415307;13;;
422;usuario 422;744.658.424-14;744658424;14;;
423;usuario 423;745.508.843-19;745508843;19;;
424;usuario 424;680.231.436-13;680231436;13;;
425;usuario 425;553.195.586-13;553195586;13;;
426;usuario 426;453.328.131-18;453328131;18;;
427;usuario 427;175.824.460-18;175824460;18;;
428;usuario 428;988.579.330-16;988579330;16;;
429;usuario 429;338.788.285-19;338788285;19;;
430;usuario 430;748.729.696-17;748729696;17;;
431;usuario 431;918.301.455-10;918301455;10;;
432;usuario 432;407.529.413-17;407529413;17;;
433;usuario 433;446.923.209-14;446923209;14;;
434;usuario 434;724.016.591-19;724016591;19;;
435;usuario 435;877.298.169-18;877298169;18;;
436;usuario 436;719.627.954-13;719627954;13;;
437;usuario 437;185.881.046-16;185881046;16;;
438;usuario 438;907.255.271-16;907255271;16;;
439;usuario 439;352.254.124-11;352254124;11;;
440;usuario 440;111.859.692-17;111859692;17;;
441;usuario 441;951.824.962-16;951824962;16;;
442;usuario 442;851.207.730-18;851207730;18;;
443;usuario 443;927.016.734-17;927016734;17;;
444;usuario 444;605.457.008-19;605457008;19;;
445;usuario 445;481.535.917-16;481535917;16;;
446;usuario 446;476.855.958-18;476855958;18;;
447;usuario 447;869.120.670-19;869120670;19;;
448;usuario 448;856.349.703-16;856349703;16;;
449;usuario 449;710.718.881-15;710718881;15;;
450;usuario 450;416.434.538-15;416434538;15;;
451;usuario 451;749.770.402-17;749770402;17;;
452;usuario 452;378.082.881-17;378082881;17;;
453;usuario 453;394.464.161-10;394464161;10;;
454;usuario 454;368.490.987-18;368490987;18;;
455;usuario 455;366.398.178-12;366398178;12;;
456;usuario 456;176.512.300-10;176512300;10;;
457;usuario 457;735.355.929-10;735355929;10;;
458;usuario 458;127.159.284-19;127159284;19;;
459;usuario 459;934.226.607-17;934226607;17;;
460;usuario 460;281.419.889-15;281419889;15;;
461;usuario 461;270.070.211-17;270070211;17;;
462;usuario 462;687.072.510-13;687072510;13;;
463;usuario 463;390.228.464-13;390228464;13;;
464;usuario 464;432.129.516-16;432129516;16;;
465;usuario 465;194.436.010-18;194436010;18;;
466;usuario 466;729.602.847-14;729602847;14;;
467;usuario 467;269.568.707-12;269568707;12;;
468;usuario 468;703.447.654-18;703447654;18;;
469;usuario 469;911.270.043-16;911270043;16;;
470;usuario 470;994.601.572-17;994601572;17;;
471;usuario 471;449.152.790-10;449152790;10;;
472;usuario 472;303.830.645-15;303830645;15;;
473;usuario 473;990.450.938-11;990450938;11;;
474;usuario 474;749.940.935-18;749940935;18;;
475;usuario 475;558.186.296-15;558186296;15;;
476;usuario 476;219.588.950-17;219588950;17;;
477;usuario 477;824.893.209-17;824893209;17;;
478;usuario 478;435.225.490-18;435225490;18;;
479;usuario 479;239.137.151-15;239137151;15;;
480;usuario 480;176.315.600-15;176315600;15;;
481;usuario 481;527.052.947-14;527052947;14;;
482;usuario 482;562.757.820-16;562757820;16;;
483;usuario 483;723.880.310-13;723880310;13;;
484;usuario 484;633.641.536-10;633641536;10;;
485;usuario 485;379.041.313-10;379041313;10;;
486;usuario 486;678.384.362-17;678384362;17;;
487;usuario 487;616.991.350-18;616991350;18;;
488;usuario 488;480.339.146-12;480339146;12;;
489;usuario 489;340.215.468-12;340215468;12;;
490;usuario 490;182.997.306-10;182997306;10;;
491;usuario 491;862.695.532-16;862695532;16;;
492;usuario 492;362.861.848-10;362861848;10;;
493;usuario 493;251.592.564-10;251592564;10;;
494;usuario 494;173.409.803-10;173409803;10;;
495;usuario 495;174.520.980-16;174520980;16;;
496;usuario 496;940.454.989-18;940454989;18;;
497;usuario 497;649.414.275-14;649414275;14;;
498;usuario 498;648.773.389-14;648773389;14;;
499;usuario 499;868.244.618-12;868244618;12;;
500;usuario 500;576.792.451-15;576792451;15;;
501;usuario 501;850.120.528-15;850120528;15;;
502;usuario 502;279.855.754-13;279855754;13;;
503;usuario 503;290.187.574-11;290187574;11;;
504;usuario 504;535.656.061-18;535656061;18;;
505;usuario 505;880.545.446-18;880545446;18;;
506;usuario 506;669.192.453-16;669192453;16;;
507;usuario 507;822.211.557-11;822211557;11;;
508;usuario 508;765.176.420-14;765176420;14;;
509;usuario 509;530.138.725-18;530138725;18;;
510;usuario 510;280.837.239-17;280837239;17;;
511;usuario 511;267.077.165-13;267077165;13;;
512;usuario 512;727.505.340-11;727505340;11;;
513;usuario 513;853.939.059-13;853939059;13;;
514;usuario 514;205.314.909-13;205314909;13;;
515;usuario 515;933.673.250-11;933673250;11;;
516;usuario 516;767.892.436-18;767892436;18;;
517;usuario 517;485.163.829-15;485163829;15;;
518;usuario 518;571.824.938-10;571824938;10;;
519;usuario 519;494.144.039-10;494144039;10;;
520;usuario 520;723.094.882-16;723094882;16;;
521;usuario 521;957.881.580-11;957881580;11;;
522;usuario 522;539.324.469-12;539324469;12;;
523;usuario 523;810.195.515-17;810195515;17;;
524;usuario 524;322.515.809-10;322515809;10;;
525;usuario 525;626.656.054-11;626656054;11;;
526;usuario 526;976.121.253-14;976121253;14;;
527;usuario 527;286.550.144-19;286550144;19;;
528;usuario 528;703.080.023-10;703080023;10;;
529;usuario 529;691.850.256-11;691850256;11;;
530;usuario 530;344.481.666-18;344481666;18;;
531;usuario 531;497.922.319-10;497922319;10;;
532;usuario 532;120.803.323-17;120803323;17;;
533;usuario 533;748.762.032-11;748762032;11;;
534;usuario 534;959.411.617-13;959411617;13;;
535;usuario 535;859.875.242-14;859875242;14;;
536;usuario 536;760.275.081-14;760275081;14;;
537;usuario 537;646.564.799-16;646564799;16;;
538;usuario 538;594.556.713-16;594556713;16;;
539;usuario 539;117.170.995-14;117170995;14;;
540;usuario 540;417.969.770-10;417969770;10;;
541;usuario 541;537.528.854-14;537528854;14;;
542;usuario 542;720.960.895-16;720960895;16;;
543;usuario 543;985.326.420-11;985326420;11;;
544;usuario 544;614.024.221-17;614024221;17;;
545;usuario 545;585.263.227-16;585263227;16;;
546;usuario 546;571.795.301-10;571795301;10;;
547;usuario 547;284.018.780-10;284018780;10;;
548;usuario 548;818.630.184-16;818630184;16;;
549;usuario 549;950.553.817-16;950553817;16;;
550;usuario 550;844.361.799-13;844361799;13;;
551;usuario 551;145.703.401-11;145703401;11;;
552;usuario 552;554.846.326-15;554846326;15;;
553;usuario 553;282.689.472-13;282689472;13;;
554;usuario 554;796.626.230-12;796626230;12;;
555;usuario 555;834.174.490-18;834174490;18;;
556;usuario 556;950.165.706-13;950165706;13;;
557;usuario 557;113.012.781-12;113012781;12;;
558;usuario 558;326.802.268-14;326802268;14;;
559;usuario 559;772.457.298-13;772457298;13;;
560;usuario 560;335.854.922-11;335854922;11;;
561;usuario 561;345.443.259-16;345443259;16;;
562;usuario 562;909.844.637-14;909844637;14;;
563;usuario 563;403.082.564-14;403082564;14;;
564;usuario 564;857.698.067-17;857698067;17;;
565;usuario 565;925.814.983-10;925814983;10;;
566;usuario 566;998.373.314-11;998373314;11;;
567;usuario 567;990.825.868-10;990825868;10;;
568;usuario 568;336.360.658-14;336360658;14;;
569;usuario 569;677.747.638-16;677747638;16;;
570;usuario 570;367.708.607-14;367708607;14;;
571;usuario 571;679.383.737-17;679383737;17;;
572;usuario 572;757.830.202-17;757830202;17;;
573;usuario 573;115.160.090-16;115160090;16;;
574;usuario 574;387.388.933-17;387388933;17;;
575;usuario 575;390.291.763-17;390291763;17;;
576;usuario 576;634.340.958-19;634340958;19;;
577;usuario 577;360.846.663-16;360846663;16;;
578;usuario 578;764.238.817-16;764238817;16;;
579;usuario 579;928.724.284-16;928724284;16;;
580;usuario 580;643.981.579-18;643981579;18;;
581;usuario 581;530.448.551-12;530448551;12;;
582;usuario 582;375.666.236-19;375666236;19;;
583;usuario 583;753.477.070-10;753477070;10;;
584;usuario 584;485.194.407-10;485194407;10;;
585;usuario 585;791.029.669-19;791029669;19;;
586;usuario 586;788.571.886-18;788571886;18;;
587;usuario 587;657.947.562-19;657947562;19;;
588;usuario 588;633.763.898-13;633763898;13;;
589;usuario 589;665.623.961-14;665623961;14;;
590;usuario 590;261.737.183-12;261737183;12;;
591;usuario 591;119.341.412-19;119341412;19;;
592;usuario 592;603.405.989-11;603405989;11;;
593;usuario 593;211.950.416-12;211950416;12;;
594;usuario 594;245.543.312-11;245543312;11;;
595;usuario 595;453.151.143-16;453151143;16;;
596;usuario 596;304.467.080-15;304467080;15;;
597;usuario 597;455.718.047-19;455718047;19;;
598;usuario 598;698.002.095-12;698002095;12;;
599;usuario 599;148.592.082-10;148592082;10;;
600;usuario 600;615.956.977-10;615956977;10;;
601;usuario 601;281.256.039-19;281256039;19;;
602;usuario 602;376.312.295-10;376312295;10;;
603;usuario 603;648.183.449-16;648183449;16;;
604;usuario 604;957.863.566-17;957863566;17;;
605;usuario 605;655.680.999-18;655680999;18;;
606;usuario 606;859.115.608-14;859115608;14;;
607;usuario 607;345.734.706-19;345734706;19;;
608;usuario 608;353.079.962-16;353079962;16;;
609;usuario 609;648.162.237-13;648162237;13;;
610;usuario 610;536.909.166-18;536909166;18;;
611;usuario 611;542.585.952-19;542585952;19;;
612;usuario 612;235.937.312-10;235937312;10;;
613;usuario 613;854.851.393-13;854851393;13;;
614;usuario 614;418.411.745-17;418411745;17;;
615;usuario 615;421.803.473-13;421803473;13;;
616;usuario 616;712.578.261-14;712578261;14;;
617;usuario 617;224.930.108-15;224930108;15;;
618;usuario 618;570.977.098-12;570977098;12;;
619;usuario 619;975.097.514-16;975097514;16;;
620;usuario 620;752.258.274-18;752258274;18;;
621;usuario 621;727.568.135-11;727568135;11;;
622;usuario 622;597.543.755-12;597543755;12;;
623;usuario 623;348.835.656-17;348835656;17;;
624;usuario 624;395.174.807-15;395174807;15;;
625;usuario 625;848.591.732-14;848591732;14;;
626;usuario 626;267.976.200-10;267976200;10;;
627;usuario 627;890.228.268-13;890228268;13;;
628;usuario 628;457.027.966-16;457027966;16;;
629;usuario 629;448.605.477-18;448605477;18;;
630;usuario 630;465.466.406-16;465466406;16;;
631;usuario 631;112.515.822-12;112515822;12;;
632;usuario 632;651.893.008-10;651893008;10;;
633;usuario 633;998.084.677-15;998084677;15;;
634;usuario 634;188.927.140-12;188927140;12;;
635;usuario 635;119.323.254-12;119323254;12;;
636;usuario 636;644.196.393-10;644196393;10;;
637;usuario 637;151.837.785-19;151837785;19;;
638;usuario 638;347.917.718-12;347917718;12;;
639;usuario 639;545.348.899-10;545348899;10;;
640;usuario 640;964.467.860-14;964467860;14;;
641;usuario 641;886.921.514-15;886921514;15;;
642;usuario 642;923.392.234-15;923392234;15;;
643;usuario 643;475.222.954-13;475222954;13;;
644;usuario 644;442.003.314-19;442003314;19;;
645;usuario 645;486.844.136-10;486844136;10;;
646;usuario 646;871.552.033-15;871552033;15;;
647;usuario 647;640.126.513-13;640126513;13;;
648;usuario 648;651.113.499-16;651113499;16;;
649;usuario 649;557.762.043-12;557762043;12;;
650;usuario 650;836.721.235-15;836721235;15;;
651;usuario 651;539.211.296-10;539211296;10;;
652;usuario 652;968.086.593-14;968086593;14;;
653;usuario 653;177.310.545-10;177310545;10;;
654;usuario 654;179.242.789-12;179242789;12;;
655;usuario 655;187.605.229-14;187605229;14;;
656;usuario 656;970.237.661-16;970237661;16;;
657;usuario 657;490.109.958-10;490109958;10;;
658;usuario 658;396.156.181-15;396156181;15;;
659;usuario 659;249.084.160-17;249084160;17;;
660;usuario 660;447.931.967-11;447931967;11;;
661;usuario 661;242.933.468-17;242933468;17;;
662;usuario 662;435.693.434-14;435693434;14;;
663;usuario 663;400.683.585-17;400683585;17;;
664;usuario 664;121.562.440-15;121562440;15;;
665;usuario 665;914.770.118-13;914770118;13;;
666;usuario 666;726.407.381-12;726407381;12;;
667;usuario 667;420.706.177-10;420706177;10;;
668;usuario 668;860.899.864-18;860899864;18;;
669;usuario 669;281.652.764-19;281652764;19;;
670;usuario 670;333.350.664-12;333350664;12;;
671;usuario 671;224.795.971-15;224795971;15;;
672;usuario 672;367.642.713-11;367642713;11;;
673;usuario 673;575.987.473-12;575987473;12;;
674;usuario 674;124.331.899-10;124331899;10;;
675;usuario 675;559.275.110-14;559275110;14;;
676;usuario 676;338.604.292-17;338604292;17;;
677;usuario 677;213.324.332-13;213324332;13;;
678;usuario 678;481.529.759-11;481529759;11;;
679;usuario 679;211.127.058-11;211127058;11;;
680;usuario 680;707.798.626-15;707798626;15;;
681;usuario 681;121.583.871-16;121583871;16;;
682;usuario 682;403.405.254-13;403405254;13;;
683;usuario 683;598.375.824-10;598375824;10;;
684;usuario 684;185.106.318-14;185106318;14;;
685;usuario 685;622.351.300-19;622351300;19;;
686;usuario 686;917.135.015-14;917135015;14;;
687;usuario 687;742.352.968-10;742352968;10;;
688;usuario 688;201.732.793-11;201732793;11;;
689;usuario 689;223.380.079-17;223380079;17;;
690;usuario 690;770.705.061-14;770705061;14;;
691;usuario 691;358.488.247-15;358488247;15;;
692;usuario 692;621.378.039-13;621378039;13;;
693;usuario 693;305.084.875-12;305084875;12;;
694;usuario 694;808.751.468-10;808751468;10;;
695;usuario 695;120.184.288-17;120184288;17;;
696;usuario 696;830.697.891-19;830697891;19;;
697;usuario 697;692.216.641-18;692216641;18;;
698;usuario 698;490.946.476-16;490946476;16;;
699;usuario 699;634.278.935-14;634278935;14;;
700;usuario 700;210.361.449-19;210361449;19;;
701;usuario 701;829.388.103-17;829388103;17;;
702;usuario 702;157.365.475-15;157365475;15;;
703;usuario 703;276.177.578-17;276177578;17;;
704;usuario 704;252.990.019-17;252990019;17;;
705;usuario 705;844.351.433-14;844351433;14;;
706;usuario 706;276.539.343-17;276539343;17;;
707;usuario 707;294.270.758-13;294270758;13;;
708;usuario 708;541.788.763-11;541788763;11;;
709;usuario 709;742.041.766-13;742041766;13;;
710;usuario 710;604.661.417-14;604661417;14;;
711;usuario 711;896.617.341-10;896617341;10;;
712;usuario 712;450.107.466-14;450107466;14;;
713;usuario 713;513.614.929-14;513614929;14;;
714;usuario 714;970.282.461-12;970282461;12;;
715;usuario 715;532.675.899-16;532675899;16;;
716;usuario 716;749.002.950-11;749002950;11;;
717;usuario 717;971.850.321-19;971850321;19;;
718;usuario 718;186.861.726-13;186861726;13;;
719;usuario 719;948.066.604-13;948066604;13;;
720;usuario 720;737.960.938-16;737960938;16;;
721;usuario 721;188.039.692-19;188039692;19;;
722;usuario 722;454.739.652-15;454739652;15;;
723;usuario 723;737.468.842-12;737468842;12;;
724;usuario 724;529.722.557-11;529722557;11;;
725;usuario 725;845.080.382-14;845080382;14;;
726;usuario 726;761.678.399-17;761678399;17;;
727;usuario 727;331.636.487-11;331636487;11;;
728;usuario 728;167.841.220-11;167841220;11;;
729;usuario 729;366.263.241-15;366263241;15;;
730;usuario 730;315.808.494-10;315808494;10;;
731;usuario 731;985.178.877-10;985178877;10;;
732;usuario 732;531.523.055-16;531523055;16;;
733;usuario 733;135.658.878-17;135658878;17;;
734;usuario 734;325.755.685-11;325755685;11;;
735;usuario 735;402.728.676-17;402728676;17;;
736;usuario 736;192.143.628-10;192143628;10;;
737;usuario 737;588.033.550-17;588033550;17;;
738;usuario 738;800.647.045-15;800647045;15;;
739;usuario 739;493.050.340-15;493050340;15;;
740;usuario 740;468.639.301-19;468639301;19;;
741;usuario 741;688.706.048-18;688706048;18;;
742;usuario 742;548.108.947-17;548108947;17;;
743;usuario 743;932.971.930-10;932971930;10;;
744;usuario 744;695.525.389-11;695525389;11;;
745;usuario 745;255.806.306-12;255806306;12;;
746;usuario 746;645.260.802-19;645260802;19;;
747;usuario 747;752.546.986-12;752546986;12;;
748;usuario 748;135.829.182-11;135829182;11;;
749;usuario 749;269.600.856-13;269600856;13;;
750;usuario 750;433.802.624-10;433802624;10;;
751;usuario 751;952.478.879-16;952478879;16;;
752;usuario 752;928.254.785-10;928254785;10;;
753;usuario 753;892.066.648-18;892066648;18;;
754;usuario 754;963.810.558-19;963810558;19;;
755;usuario 755;989.816.051-15;989816051;15;;
756;usuario 756;312.330.002-18;312330002;18;;
757;usuario 757;435.363.888-10;435363888;10;;
758;usuario 758;498.473.113-13;498473113;13;;
759;usuario 759;775.007.559-10;775007559;10;;
760;usuario 760;301.207.937-14;301207937;14;;
761;usuario 761;386.590.126-18;386590126;18;;
762;usuario 762;286.741.636-10;286741636;10;;
763;usuario 763;112.290.183-11;112290183;11;;
764;usuario 764;757.883.357-11;757883357;11;;
765;usuario 765;190.324.123-11;190324123;11;;
766;usuario 766;759.532.152-16;759532152;16;;
767;usuario 767;276.499.643-14;276499643;14;;
768;usuario 768;143.396.974-10;143396974;10;;
769;usuario 769;947.765.385-15;947765385;15;;
770;usuario 770;607.000.993-17;607000993;17;;
771;usuario 771;983.764.626-15;983764626;15;;
772;usuario 772;866.005.668-17;866005668;17;;
773;usuario 773;782.521.194-13;782521194;13;;
774;usuario 774;348.719.343-10;348719343;10;;
775;usuario 775;466.386.684-17;466386684;17;;
776;usuario 776;605.854.368-18;605854368;18;;
777;usuario 777;699.483.170-17;699483170;17;;
778;usuario 778;246.626.065-14;246626065;14;;
779;usuario 779;385.453.960-11;385453960;11;;
780;usuario 780;764.607.046-14;764607046;14;;
781;usuario 781;527.200.776-15;527200776;15;;
782;usuario 782;261.725.630-12;261725630;12;;
783;usuario 783;568.354.639-10;568354639;10;;
784;usuario 784;878.213.200-17;878213200;17;;
785;usuario 785;148.109.935-19;148109935;19;;
786;usuario 786;942.019.376-15;942019376;15;;
787;usuario 787;383.271.053-18;383271053;18;;
788;usuario 788;225.978.719-18;225978719;18;;
789;usuario 789;195.354.506-10;195354506;10;;
790;usuario 790;704.355.636-17;704355636;17;;
791;usuario 791;178.097.790-19;178097790;19;;
792;usuario 792;430.700.715-17;430700715;17;;
793;usuario 793;647.576.673-14;647576673;14;;
794;usuario 794;531.610.820-18;531610820;18;;
795;usuario 795;907.089.569-19;907089569;19;;
796;usuario 796;825.862.632-18;825862632;18;;
797;usuario 797;539.360.032-14;539360032;14;;
798;usuario 798;541.479.127-14;541479127;14;;
799;usuario 799;345.617.334-15;345617334;15;;
800;usuario 800;470.058.868-17;470058868;17;;
801;usuario 801;576.698.835-18;576698835;18;;
802;usuario 802;686.860.045-18;686860045;18;;
803;usuario 803;231.926.468-10;231926468;10;;
804;usuario 804;348.373.759-14;348373759;14;;
805;usuario 805;769.056.052-12;769056052;12;;
806;usuario 806;230.721.621-12;230721621;12;;
807;usuario 807;713.512.381-10;713512381;10;;
808;usuario 808;952.752.337-10;952752337;10;;
809;usuario 809;774.009.147-13;774009147;13;;
810;usuario 810;651.234.209-19;651234209;19;;
811;usuario 811;561.690.420-10;561690420;10;;
812;usuario 812;937.116.109-16;937116109;16;;
813;usuario 813;440.529.398-13;440529398;13;;
814;usuario 814;669.180.256-10;669180256;10;;
815;usuario 815;765.540.416-19;765540416;19;;
816;usuario 816;494.611.990-10;494611990;10;;
817;usuario 817;585.369.389-19;585369389;19;;
818;usuario 818;390.531.463-12;390531463;12;;
819;usuario 819;683.980.058-15;683980058;15;;
820;usuario 820;712.154.373-17;712154373;17;;
821;usuario 821;698.920.129-11;698920129;11;;
822;usuario 822;975.953.201-19;975953201;19;;
823;usuario 823;308.146.174-17;308146174;17;;
824;usuario 824;770.302.749-14;770302749;14;;
825;usuario 825;606.774.153-11;606774153;11;;
826;usuario 826;800.906.529-19;800906529;19;;
827;usuario 827;300.121.792-13;300121792;13;;
828;usuario 828;902.681.070-17;902681070;17;;
829;usuario 829;905.166.052-19;905166052;19;;
830;usuario 830;441.620.303-19;441620303;19;;
831;usuario 831;789.492.882-19;789492882;19;;
832;usuario 832;418.545.349-12;418545349;12;;
833;usuario 833;322.338.379-11;322338379;11;;
834;usuario 834;855.652.354-13;855652354;13;;
835;usuario 835;620.878.749-10;620878749;10;;
836;usuario 836;606.802.430-19;606802430;19;;
837;usuario 837;365.865.576-14;365865576;14;;
838;usuario 838;275.768.578-17;275768578;17;;
839;usuario 839;238.855.801-14;238855801;14;;
840;usuario 840;666.935.757-14;666935757;14;;
841;usuario 841;639.073.352-15;639073352;15;;
842;usuario 842;773.347.316-11;773347316;11;;
843;usuario 843;801.285.766-15;801285766;15;;
844;usuario 844;222.336.614-16;222336614;16;;
845;usuario 845;774.422.766-18;774422766;18;;
846;usuario 846;508.404.671-19;508404671;19;;
847;usuario 847;238.888.206-13;238888206;13;;
848;usuario 848;788.348.090-19;788348090;19;;
849;usuario 849;364.628.318-13;364628318;13;;
850;usuario 850;246.582.326-16;246582326;16;;
851;usuario 851;167.859.079-17;167859079;17;;
852;usuario 852;120.465.709-18;120465709;18;;
853;usuario 853;472.686.366-10;472686366;10;;
854;usuario 854;246.144.532-12;246144532;12;;
855;usuario 855;246.754.073-13;246754073;13;;
856;usuario 856;854.822.645-17;854822645;17;;
857;usuario 857;431.670.542-11;431670542;11;;
858;usuario 858;855.073.109-11;855073109;11;;
859;usuario 859;968.239.031-13;968239031;13;;
860;usuario 860;492.525.705-15;492525705;15;;
861;usuario 861;378.296.319-10;378296319;10;;
862;usuario 862;137.291.434-10;137291434;10;;
863;usuario 863;663.145.440-16;663145440;16;;
864;usuario 864;153.295.082-15;153295082;15;;
865;usuario 865;785.512.343-18;785512343;18;;
866;usuario 866;835.035.297-19;835035297;19;;
867;usuario 867;552.966.471-12;552966471;12;;
868;usuario 868;824.820.666-15;824820666;15;;
869;usuario 869;231.500.611-10;231500611;10;;
870;usuario 870;614.660.599-14;614660599;14;;
871;usuario 871;467.037.242-16;467037242;16;;
872;usuario 872;173.003.994-14;173003994;14;;
873;usuario 873;500.597.498-17;500597498;17;;
874;usuario 874;196.144.588-18;196144588;18;;
875;usuario 875;233.132.606-17;233132606;17;;
876;usuario 876;671.673.766-13;671673766;13;;
877;usuario 877;821.211.073-16;821211073;16;;
878;usuario 878;898.105.528-14;898105528;14;;
879;usuario 879;373.101.048-15;373101048;15;;
880;usuario 880;272.881.108-12;272881108;12;;
881;usuario 881;693.980.083-19;693980083;19;;
882;usuario 882;939.098.689-18;939098689;18;;
883;usuario 883;800.240.617-15;800240617;15;;
884;usuario 884;114.078.659-16;114078659;16;;
885;usuario 885;136.881.845-15;136881845;15;;
886;usuario 886;172.661.841-16;172661841;16;;
887;usuario 887;170.868.923-11;170868923;11;;
888;usuario 888;146.631.737-19;146631737;19;;
889;usuario 889;969.493.378-11;969493378;11;;
890;usuario 890;567.430.540-11;567430540;11;;
891;usuario 891;185.743.861-11;185743861;11;;
892;usuario 892;226.931.122-18;226931122;18;;
893;usuario 893;282.196.175-10;282196175;10;;
894;usuario 894;388.102.858-13;388102858;13;;
895;usuario 895;222.719.130-19;222719130;19;;
896;usuario 896;997.288.019-16;997288019;16;;
897;usuario 897;318.540.146-16;318540146;16;;
898;usuario 898;755.583.365-19;755583365;19;;
899;usuario 899;385.504.409-16;385504409;16;;
900;usuario 900;955.860.568-13;955860568;13;;
901;usuario 901;563.292.741-14;563292741;14;;
902;usuario 902;824.054.091-14;824054091;14;;
903;usuario 903;738.874.739-19;738874739;19;;
904;usuario 904;176.777.513-12;176777513;12;;
905;usuario 905;800.289.925-14;800289925;14;;
906;usuario 906;514.916.490-17;514916490;17;;
907;usuario 907;288.171.173-10;288171173;10;;
908;usuario 908;815.690.204-17;815690204;17;;
909;usuario 909;932.556.002-14;932556002;14;;
910;usuario 910;667.131.336-19;667131336;19;;
911;usuario 911;903.449.827-19;903449827;19;;
912;usuario 912;548.730.980-16;548730980;16;;
913;usuario 913;247.082.460-10;247082460;10;;
914;usuario 914;358.037.276-17;358037276;17;;
915;usuario 915;730.632.294-15;730632294;15;;
916;usuario 916;984.091.309-12;984091309;12;;
917;usuario 917;867.575.097-10;867575097;10;;
918;usuario 918;303.301.611-17;303301611;17;;
919;usuario 919;469.284.511-19;469284511;19;;
920;usuario 920;442.899.392-10;442899392;10;;
921;usuario 921;129.161.133-11;129161133;11;;
922;usuario 922;640.671.528-17;640671528;17;;
923;usuario 923;735.568.693-14;735568693;14;;
924;usuario 924;232.588.804-19;232588804;19;;
925;usuario 925;150.003.715-10;150003715;10;;
926;usuario 926;940.107.687-10;940107687;10;;
927;usuario 927;474.847.460-16;474847460;16;;
928;usuario 928;497.983.377-14;497983377;14;;
929;usuario 929;286.200.620-17;286200620;17;;
930;usuario 930;303.237.757-13;303237757;13;;
931;usuario 931;974.956.366-19;974956366;19;;
932;usuario 932;879.861.084-11;879861084;11;;
933;usuario 933;162.517.836-14;162517836;14;;
934;usuario 934;379.357.965-17;379357965;17;;
935;usuario 935;579.397.346-10;579397346;10;;
936;usuario 936;437.113.983-15;437113983;15;;
937;usuario 937;621.231.314-18;621231314;18;;
938;usuario 938;861.621.783-13;861621783;13;;
939;usuario 939;826.844.970-14;826844970;14;;
940;usuario 940;124.081.336-17;124081336;17;;
941;usuario 941;891.760.768-18;891760768;18;;
942;usuario 942;791.793.660-13;791793660;13;;
943;usuario 943;821.517.553-15;821517553;15;;
944;usuario 944;903.394.202-13;903394202;13;;
945;usuario 945;323.283.209-11;323283209;11;;
946;usuario 946;663.113.953-16;663113953;16;;
947;usuario 947;608.767.598-16;608767598;16;;
948;usuario 948;588.533.042-14;588533042;14;;
949;usuario 949;898.469.291-13;898469291;13;;
950;usuario 950;942.067.510-18;942067510;18;;
951;usuario 951;267.312.036-12;267312036;12;;
952;usuario 952;577.844.777-17;577844777;17;;
953;usuario 953;933.646.852-11;933646852;11;;
954;usuario 954;620.514.077-17;620514077;17;;
955;usuario 955;743.091.082-12;743091082;12;;
956;usuario 956;770.420.365-10;770420365;10;;
957;usuario 957;281.233.917-18;281233917;18;;
958;usuario 958;740.348.566-18;740348566;18;;
959;usuario 959;590.829.921-13;590829921;13;;
960;usuario 960;471.547.648-18;471547648;18;;
961;usuario 961;683.239.693-16;683239693;16;;
962;usuario 962;313.592.696-19;313592696;19;;
963;usuario 963;707.364.914-12;707364914;12;;
964;usuario 964;773.520.367-18;773520367;18;;
965;usuario 965;985.409.657-18;985409657;18;;
966;usuario 966;604.098.900-15;604098900;15;;
967;usuario 967;767.072.329-18;767072329;18;;
968;usuario 968;439.284.999-10;439284999;10;;
969;usuario 969;694.964.162-11;694964162;11;;
970;usuario 970;299.210.140-11;299210140;11;;
971;usuario 971;595.130.953-12;595130953;12;;
972;usuario 972;980.237.070-12;980237070;12;;
973;usuario 973;665.675.737-12;665675737;12;;
974;usuario 974;204.688.832-17;204688832;17;;
975;usuario 975;420.357.680-17;420357680;17;;
976;usuario 976;291.232.588-11;291232588;11;;
977;usuario 977;317.194.835-12;317194835;12;;
978;usuario 978;206.699.799-13;206699799;13;;
979;usuario 979;683.483.613-10;683483613;10;;
980;usuario 980;471.340.527-12;471340527;12;;
981;usuario 981;181.276.776-18;181276776;18;;
982;usuario 982;577.781.132-18;577781132;18;;
983;usuario 983;810.186.477-10;810186477;10;;
984;usuario 984;535.409.114-16;535409114;16;;
985;usuario 985;493.639.746-15;493639746;15;;
986;usuario 986;860.675.913-13;860675913;13;;
987;usuario 987;766.637.539-11;766637539;11;;
988;usuario 988;308.393.448-11;308393448;11;;
989;usuario 989;474.936.664-14;474936664;14;;
990;usuario 990;139.474.384-12;139474384;12;;
991;usuario 991;195.610.140-13;195610140;13;;
992;usuario 992;700.756.615-14;700756615;14;;
993;usuario 993;175.184.151-14;175184151;14;;
994;usuario 994;432.250.540-19;432250540;19;;
995;usuario 995;730.736.707-16;730736707;16;;
996;usuario 996;131.035.980-12;131035980;12;;
997;usuario 997;490.515.430-18;490515430;18;;
998;usuario 998;928.994.914-14;928994914;14;;
999;usuario 999;766.797.213-18;766797213;18;;
1000;usuario 1000;465.840.382-16;465840382;16;;
1001;pato fu;123.456.789-69;36761040809;;;
